Month,Date ,Invoice No,Invoice,Description,More Info,Amount without VAT,VAT,Total Amount,Payment Method,Invoice Number,Note,
March,31/03/2025,515765660,Google Cloud EMEA Limited,Service Subscription,Google Workspace Subscription,€ 6.90,€ 0.00,€ 6.90,,Ireland,,
April,30/04/2025,5234629668,Google Cloud EMEA Limited,Service Subscription,Google Workspace Subscription,€ 6.90,€ 0.00,€ 6.90,,Ireland,,
May,31/05/2025,5265229646,Google Cloud EMEA Limited,Service Subscription,Google Workspace Subscription,€ 6.90,€ 0.00,€ 6.90,,Ireland,,
,18/03/2025,RCD41500309,Envato Pty Ltd,Developer Tools,Themes,€ 49.29,€ 0.00,€ 49.29,,Non EU,,
April,10/04/2025,663688,Database Mart,Domain,mysunbed.us,€ 15.41,€ 0.00,€ 15.41,,Non EU,,
April,15/04/2025,205720,Database Mart,Server Subscription,web server,€ 212.46,€ 0.00,€ 212.46,,Non EU,,
April,13/04/2025,207666,Database Mart,Server Subscription,email server,€ 72.34,€ 0.00,€ 72.34,,Non EU,,
May,21/05/2025,667166,Database Mart,Rapid SSL,3inventors.com,€ 35.48,€ 0.00,€ 35.48,,Non EU,,
May,13/05/2025,228491,Database Mart,Server Subscription,email server,€ 73.44,€ 0.00,€ 73.44,,Non EU,,
May,10/05/2025,226451,Database Mart,Server Subscription,web server,€ 221.43,€ 0.00,€ 221.43,,Non EU,,
March,21/03/2025,662001,Database Mart,Domain,ineedaharley.com,€ 15.41,€ 0.00,€ 15.41,,Non EU,,
March,17/03/2025,189994,Database Mart,Server Subscription,web server,€ 228.28,€ 0.00,€ 228.28,,Non EU,,
March,17/03/2025,189995,Database Mart,Server Subscription,email server,€ 75.45,€ 0.00,€ 75.45,,Non EU,,
April,10/04/2025,3653183797,GoDaddy,Domain,mysunbed.eu,€ 10.99,€ 2.09,€ 13.08,,Non EU,,
April,19/04/2025,108698,University Of Cyprus,Domain,"mysunbed, sunbed",€ 100.84,€ 19.16,€ 120.00,,,,
March,21/03/2025,108099,University Of Cyprus,Domain,ihm.com.cy,€ 16.81,€ 3.19,€ 20.00,,,,
May,05/05/2025,109054,University Of Cyprus,Domain,elecessentials.com.cy,€ 42.02,€ 7.98,€ 50.00,,,,
May,30/05/2025,INV/2025/00936,MCIT LTD,Hardware,OCC Limassol,€ 588.00,€ 111.72,€ 699.72,,,,
April,10/04/2025,1250038,Iminders,Conference,Technology in Action 2025,"€ 1,000.00",€ 190.00,"€ 1,190.00",,,,
March,02/03/2025,25/132-CON,MindByte Communications LTD,4 Penguin Stand Banners Frames,Technology in Action 2025,€ 240.00,€ 50.36,€ 290.36,,,,
March,20/03/2025,35410,Grammarlt Inc,Service Subscription,Grammarly Subscription,€ 144.00,€ 0.00,€ 144.00,,,,
April,02/04/2025,1811,L.S. Technipro Signs LTD,Banners,Technology in Action 2025,€ 170.00,€ 32.30,€ 202.30,,,,
April,08/04/2025,2.32855E+13,AHK,Bill,Electricity 0225-0425,€ 76.60,€ 6.76,€ 83.36,,,,
March,31/03/2025,2001721212-3-2025,Cyta,Bill,Telephone,€ 67.74,€ 9.68,€ 77.42,,,,
April,30/04/2025,2001721212-4-2025,Cyta,Bill,Telephone,€ 51.59,€ 6.61,€ 58.20,,,,
May,31/05/2025,2001721212-5-2025,Cyta,Bill,Telephone,€ 54.91,€ 7.24,€ 62.15,,,,
March,01/03/2025,20275491,Cablenet,Bill,Internet,€ 21.00,€ 3.99,€ 24.99,,,,
April,01/04/2025,,Cablenet,Bill,Internet,€ 21.00,€ 3.99,€ 24.99,,,,
May,01/05/2025,,Cablenet,Bill,Internet,€ 21.00,€ 3.99,€ 24.99,,,,
March,06/03/2025,INV-R-05456,Carmaster LTD,Office Setup,Truck Rental,€ 88.24,€ 16.76,€ 105.00,,,,
March,24/03/2025,2500523,W.P.E. Print Ltd,Printing,Technology in Action 2025,€ 93.95,€ 17.85,€ 111.80,,,,
April,17/04/2025,114ΒΤΔΑΡ11,Chrismo Homeware LTD,Office Equipment,,€ 15.71,€ 2.99,€ 18.70,,,,
May,27/05/2025,19403,Motoattack,Service,Motorbike,€ 58.82,€ 11.18,€ 70.00,,,,
May,19/05/2025,2320,A.Piastr Copies & Printing Services Ltd,Uniform,T-shirts,€ 36.00,€ 6.84,€ 42.84,,,,
April,19/04/2025,P202000342216,Super Home Center (DIY) Limited,Office Renovation,Wood,€ 36.44,€ 6.93,€ 43.37,,,,
April,13/04/2025,P204000336555,Super Home Center (DIY) Limited,Office Equipment,,€ 25.61,€ 4.87,€ 30.48,,,,
March,24/03/2025,30600,SCB DIY Limited,Office Renovation,Wood,€ 63.78,€ 12.12,€ 75.90,,,,
March,24/03/2025,37652,SCB DIY Limited,Office Renovation,,€ 11.97,€ 2.29,€ 14.26,,,,
April,19/04/2025,31433,SCB DIY Limited,Office Renovation,,€ 20.48,€ 3.89,€ 24.37,,,,
March,14/03/2025,56452,EKO,Traveling Expenses,Fuels,€ 16.81,€ 3.19,€ 20.00,,,,
March,24/03/2025,42184,EKO,Traveling Expenses,Fuels,€ 16.81,€ 3.19,€ 20.00,,,,
March,16/03/2025,57090,EKO,Traveling Expenses,Fuels,€ 8.34,€ 1.58,€ 9.92,,,,
March,16/03/2025,63050,EKO,Traveling Expenses,Fuels,€ 8.24,€ 1.56,€ 9.80,,,,
March,20/03/2025,39887,EKO,Traveling Expenses,Fuels,€ 9.35,€ 1.78,€ 11.13,,,,
March,11/03/2025,55669,EKO,Traveling Expenses,Fuels,€ 9.87,€ 1.88,€ 11.75,,,,
March,09/03/2025,57861,EKO,Traveling Expenses,Fuels,€ 12.61,€ 2.40,€ 15.01,,,,
March,08/03/2025,33961,EKO,Traveling Expenses,Fuels,€ 16.81,€ 3.19,€ 20.00,,,,
March,30/03/2025,45318,EKO,Traveling Expenses,Fuels,€ 7.95,€ 1.51,€ 9.46,,,,
March,31/03/2025,77606,EKO,Traveling Expenses,Fuels,€ 12.61,€ 2.39,€ 15.00,,,,
April,26/04/2025,57693,EKO,Traveling Expenses,Fuels,€ 8.22,€ 1.56,€ 9.78,,,,
April,21/04/2025,55660,EKO,Traveling Expenses,Fuels,€ 16.81,€ 3.19,€ 20.00,,,,
April,19/04/2025,96964,EKO,Traveling Expenses,Fuels,€ 9.02,€ 1.71,€ 10.73,,,,
April,01/04/2025,73972,EKO,Traveling Expenses,Fuels,€ 25.21,€ 4.79,€ 30.00,,,,
April,10/04/2025,50606,EKO,Traveling Expenses,Fuels,€ 16.81,€ 3.19,€ 20.00,,,,
January,08/01/1900,49670,EKO,Traveling Expenses,Fuels,€ 20.50,€ 3.90,€ 24.40,,,,
April,19/04/2025,55104,EKO,Traveling Expenses,Fuels,€ 25.51,€ 4.49,€ 30.00,,,,
April,18/04/2025,86032,EKO,Traveling Expenses,Fuels,€ 16.81,€ 3.19,€ 20.00,,,,
May,25/05/2025,72147,EKO,Traveling Expenses,Fuels,€ 16.81,€ 3.19,€ 20.00,,,,
May,24/05/2025,71740,EKO,Traveling Expenses,Fuels,€ 9.00,€ 1.71,€ 10.71,,,,
May,20/05/2025,69449,EKO,Traveling Expenses,Fuels,€ 25.78,€ 4.82,€ 30.60,,,,
May,16/05/2025,67711,EKO,Traveling Expenses,Fuels,€ 8.39,€ 1.60,€ 9.99,,,,
May,15/05/2025,66926,EKO,Traveling Expenses,Fuels,€ 16.81,€ 3.19,€ 20.00,,,,
May,30/05/2025,15846,EKO,Traveling Expenses,Fuels,€ 25.51,€ 4.49,€ 30.00,,,,
May,07/05/2025,99468,EKO,Traveling Expenses,Fuels,€ 8.29,€ 1.57,€ 9.86,,,,
May,06/05/2025,36189,EKO,Traveling Expenses,Fuels,€ 25.49,€ 4.84,€ 30.33,,,,
May,03/05/2025,61528,EKO,Traveling Expenses,Fuels,€ 10.11,€ 1.92,€ 12.03,,,,
May,09/05/2025,64048,EKO,Traveling Expenses,Fuels,€ 16.81,€ 3.19,€ 20.00,,,,
May,12/05/2025,65711,EKO,Traveling Expenses,Fuels,€ 8.17,€ 1.55,€ 9.72,,,,
May,29/05/2025,,Lidl,Supermarket,,€ 7.13,€ 0.24,€ 7.37,,,,
May,23/05/2025,,Lidl,Supermarket,,€ 14.24,€ 0.81,€ 15.05,,,,
April,28/04/2025,,Lidl,Supermarket,,€ 19.07,€ 0.86,€ 19.93,,,,
April,25/04/2025,,Lidl,Supermarket,,€ 10.15,€ 0.51,€ 10.66,,,,
May,15/05/2025,,Lidl,Supermarket,,€ 5.24,€ 0.26,€ 5.50,,,,
March,24/03/2025,,Lidl,Supermarket,,€ 19.40,€ 1.85,€ 21.25,,,,
March,28/03/2025,,Lidl,Supermarket,,€ 14.12,€ 1.03,€ 15.15,,,,
March,23/03/2025,,Lidl,Supermarket,,€ 18.52,€ 1.14,€ 19.66,,,,
March,10/03/2025,,Lidl,Supermarket,,€ 10.30,€ 0.42,€ 10.72,,,,
March,17/03/2025,,Lidl,Supermarket,,€ 15.82,€ 1.09,€ 16.91,,,,
April,05/04/2025,,Lidl,Supermarket,,€ 16.16,€ 0.63,€ 16.79,,,,
March,19/03/2025,,Lidl,Supermarket,,€ 24.33,€ 1.22,€ 25.55,,,,
April,03/04/2025,,Lidl,Supermarket,,€ 14.26,€ 0.62,€ 14.88,,,,
May,21/05/2025,,Lidl,Supermarket,,€ 8.72,€ 0.87,€ 9.59,,,,
April,09/04/2025,,Lidl,Supermarket,,€ 13.30,€ 0.66,€ 13.96,,,,
May,13/05/2025,,Lidl,Supermarket,,€ 10.88,€ 0.54,€ 11.42,,,,
April,10/04/2025,,Lidl,Supermarket,,€ 23.69,€ 1.18,€ 24.87,,,,
April,16/04/2025,,Lidl,Supermarket,,€ 9.71,€ 0.39,€ 10.10,,,,
April,23/04/2025,,Lidl,Supermarket,,€ 15.40,€ 1.49,€ 16.89,,,,
May,11/05/2025,,Lidl,Supermarket,,€ 9.88,€ 0.37,€ 10.25,,,,
May,02/05/2025,,Lidl,Supermarket,,€ 14.68,€ 1.94,€ 16.62,,,,
May,04/05/2025,,Lidl,Supermarket,,€ 24.93,€ 1.19,€ 26.12,,,,
May,17/05/2025,,Lidl,Supermarket,,€ 21.29,€ 2.67,€ 23.96,,,,
April,12/04/2025,,Lidl,Supermarket,,€ 13.12,€ 1.08,€ 14.20,,,,
April,02/04/2025,,Lidl,Supermarket,,€ 17.57,€ 1.16,€ 18.73,,,,
April,07/04/2025,,Lidl,Supermarket,,€ 21.91,€ 1.53,€ 23.44,,,,
April,15/04/2025,,Lidl,Supermarket,,€ 16.31,€ 0.82,€ 17.13,,,,
May,20/05/2025,,Lidl,Supermarket,,€ 12.30,€ 0.62,€ 12.92,,,,
March,24/03/2025,,G.A.P. Akis Express LTD,Shipping,,€ 11.74,€ 2.75,€ 14.49,,,,
May,30/05/2025,,Pop Life,Supermarket,,€ 9.90,€ 1.89,€ 11.79,,,,
January,16/01/1900,,Metro,Supermarket,,€ 18.77,€ 0.93,€ 19.70,,,,
May,11/05/2025,,Metro,Supermarket,,€ 10.26,€ 0.51,€ 10.77,,,,
March,11/03/2025,,Metro,Supermarket,,€ 7.94,€ 0.40,€ 8.34,,,,
April,17/04/2025,,Metro,Supermarket,,€ 11.68,€ 0.58,€ 12.26,,,,
May,24/05/2025,,Sklavenitis,Supermarket,,€ 16.37,€ 2.43,€ 18.80,,,,
January,28/01/1900,,Sklavenitis,Supermarket,,€ 7.68,€ 1.46,€ 9.14,,,,
March,19/03/2025,,Sklavenitis,Supermarket,,€ 13.87,€ 0.69,€ 14.56,,,,
March,11/03/2025,,Sklavenitis,Supermarket,,€ 11.91,€ 0.88,€ 12.79,,,,
May,20/05/2025,,Sklavenitis,Supermarket,,€ 9.31,€ 1.18,€ 10.49,,,,
March,26/03/2025,,Best Values Discount Store Kennedy,Supermarket,,€ 10.66,€ 0.28,€ 10.94,,,,
May,27/05/2025,,Waddah Flahaha Trading Ltd,Supermarket,,€ 4.63,€ 0.12,€ 4.75,,,,
May,21/05/2025,,Waddah Flahaha Trading Ltd,Supermarket,,€ 12.09,€ 0.55,€ 12.64,,,,
May,29/05/2025,,Periptero Armenias (L&A MERX LTD),Supermarket,,€ 5.12,€ 0.78,€ 5.90,,,,
March,24/03/2025,,A Xorpas & Sons Ltd,Supermarket,,€ 14.62,€ 0.73,€ 15.35,,,,
April,08/04/2025,ΛΝ-ML02_00517150,S.M. Sportswear Market Ltd (Intersport),Gift,Customer Gifts,€ 58.97,€ 11.21,€ 70.18,,,,
March,25/03/2025,724428,Moda Retrato LTD (Massimo Dutti),Uniform,,€ 58.91,€ 11.19,€ 70.10,,,,
March,25/03/2025,7290417747,ERA,Uniform,,€ 23.27,€ 4.42,€ 27.69,,,,
April,22/04/2025,7290418575,ERA,Uniform,,€ 33.61,€ 6.38,€ 39.99,,,,
May,24/05/2025,,S.T Karpos Zois LTD,Supermarket,,€ 6.92,€ 0.38,€ 7.30,,,,
March,07/03/2025,,Afelandra,Gift,Flower,€ 11.76,€ 2.24,€ 14.00,,,,
April,08/04/2025,,Afelandra,Gift,Flower,€ 6.72,€ 1.28,€ 8.00,,,,
March,11/03/2025,,Vassos Eliades LTd,Supermarket,Coffee,€ 24.29,€ 1.21,€ 25.50,,,,
March,25/03/2025,,Vassos Eliades LTd,Supermarket,Coffee,€ 15.81,€ 0.79,€ 16.60,,,,
April,08/04/2025,,Vassos Eliades LTd,Supermarket,Coffee,€ 32.86,€ 1.64,€ 34.50,,,,
May,19/05/2025,,Char.J.Philippides & Sons Ltd,Stationery,,€ 2.26,€ 0.43,€ 2.69,,,,
May,19/05/2025,,Char.J.Philippides & Sons Ltd,Stationery,,€ 1.88,€ 0.21,€ 2.09,,,,
March,07/03/2025,,Mariancchi (Karvounonostimies),Restaurants & Bar,Meeting,€ 188.07,€ 16.93,€ 205.00,,,,
April,04/04/2025,,SVL Souvlaki Lovers LTD,Restaurants & Bar,Meeting,€ 28.25,€ 2.55,€ 30.80,,,,
May,30/05/2025,,SVL Souvlaki Lovers LTD,Restaurants & Bar,Meeting,€ 22.01,€ 1.99,€ 24.00,,,,
March,24/03/2025,,Freeze Panes LTD (Brothers Bar And Grill),Restaurants & Bar,Meeting,€ 58.53,€ 5.27,€ 63.80,,,,
April,26/04/2025,,Baristro Tou Nikola LTD,Restaurants & Bar,Meeting,€ 43.12,€ 3.88,€ 47.00,,,,
March,21/03/2025,,Freeze Panes LTD (Brothers Bar And Grill),Restaurants & Bar,Meeting,€ 40.18,€ 3.62,€ 43.80,,,,
March,20/03/2025,,Neocleous & Constantinides LTD (Babylon),Restaurants & Bar,Meeting,€ 28.44,€ 2.56,€ 31.00,,,,
May,06/05/2025,,Neocleous & Constantinides LTD (Babylon),Restaurants & Bar,Meeting,€ 50.00,€ 4.50,€ 54.50,,,,
April,24/04/2025,,Avantage B&R Italian Restaurants LTD (Jamies),Restaurants & Bar,Meeting,€ 198.16,€ 17.84,€ 216.00,,,,
March,30/03/2025,,P. Ignatiou LTD (Coffee Bar Yard Lefkara),Restaurants & Bar,Leasure,€ 17.43,€ 1.57,€ 19.00,,,,
March,13/03/2025,,R.A.M. OIL Cyprus LTD,Traveling Expenses,Fuels,€ 43.70,€ 8.30,€ 52.00,,,,
March,26/03/2025,,R.A.M. OIL Cyprus LTD,Traveling Expenses,Fuels,€ 81.92,€ 15.57,€ 97.49,,,,
March,22/03/2025,,R.A.M. OIL Cyprus LTD,Traveling Expenses,Fuels,€ 42.02,€ 7.98,€ 50.00,,,,
March,19/03/2025,,R.A.M. OIL Cyprus LTD,Traveling Expenses,Fuels,€ 33.63,€ 6.39,€ 40.02,,,,
March,08/03/2025,,ESSO,Traveling Expenses,Fuels,€ 6.83,€ 1.30,€ 8.13,,,,
,,Outdated,,,,,,,,,,
January,23/01/2025,,R.A.M. OIL Cyprus LTD,Traveling Expenses,Fuels,,€ 8.15,€ 51.02,,,,
January,16/01/2025,,R.A.M. OIL Cyprus LTD,Traveling Expenses,Fuels,,€ 7.98,€ 50.00,,,,
January,08/01/2025,,R.A.M. OIL Cyprus LTD,Traveling Expenses,Fuels,,€ 7.66,€ 48.00,,,,
December,02/12/2024,,R.A.M. OIL Cyprus LTD,Traveling Expenses,Fuels,,€ 8.06,€ 50.51,,,,
December,21/12/2024,,R.A.M. OIL Cyprus LTD,Traveling Expenses,Fuels,,€ 8.14,€ 51.01,,,,
December,30/12/2024,,R.A.M. OIL Cyprus LTD,Traveling Expenses,Fuels,,€ 6.39,€ 40.01,,,,
December,12/12/2024,,R.A.M. OIL Cyprus LTD,Traveling Expenses,Fuels,,€ 8.22,€ 51.50,,,,
February,10/02/2025,,R.A.M. OIL Cyprus LTD,Traveling Expenses,Fuels,,€ 8.78,€ 55.00,,,,
February,18/02/2025,,R.A.M. OIL Cyprus LTD,Traveling Expenses,Fuels,,€ 8.62,€ 54.00,,,,
February,26/02/2025,,R.A.M. OIL Cyprus LTD,Traveling Expenses,Fuels,,€ 7.98,€ 50.00,,,,
January,31/01/2025,,R.A.M. OIL Cyprus LTD,Traveling Expenses,Fuels,,€ 8.62,€ 54.00,,,,
,,,,,,,,,,,,
,,,,,,,,,,,,
,,,,,,"€ 6,285.18",€ 899.12,"€ 7,650.75",,,EU Purchases,€ 75.45
,,,,,,,,,,,NON EU Purchases,€ 0.00
,,,,,,Net Sales,VAT,Gross Sales,,,,
,,,,3,March,€ 29.60,€ 5.62,€ 35.22,,,,
,,,,4,April,€ 29.60,€ 5.62,€ 35.22,,,,
,,,,5,May,"€ 1,564.94",€ 297.33,"€ 1,862.27",,,,
,,,,,,,,,,,,
,,,,,,Received VAT,€ 308.57,,,,,
,,,,,,,,,,,,
,,,,,,,-€ 590.55,,,,,
,,,,,,,,,,,,
,,,,,,,,,,,,
,,,,,,,-€ 590.55,,,,,
